AgentType,TotalOrders,AvgAbsSlippage,NetSlippage,MaxAbsSlippage,PctIn,PctOut,AvgTime,FinalPctProfit,SlipAdjPctProfit,AvgSize
HeuristicBeliefAgent,146.14285714285714,0.0,0.0,0.0,100.0,0.0,781.180611,-0.3331888571428571,-0.3331888571428571,156.42408438446657
RetailExecutionAgent,36.0,0.6232684747530551,-14.433333333333334,13.266666666666667,91.06666666666666,8.033333333333333,2.0032698333333334,-3.683141,-3.689065333333333,1.532694995920202
