AgentType,TotalOrders,AvgAbsSlippage,NetSlippage,MaxAbsSlippage,PctIn,PctOut,AvgTime,FinalPctProfit,SlipAdjPctProfit,AvgSize
HeuristicBeliefAgent,141.92857142857142,0.0,0.0,0.0,100.0,0.0,1096.4097714714287,-0.16318185714285713,-0.16318185714285713,390.0972024898653
RetailExecutionAgent,273.9,0.09997995702535863,-3.3666666666666667,6.5,96.0,3.0,2.0041424,-4.667084,-4.668434333333334,1.262830473832437
