AgentType,TotalOrders,AvgAbsSlippage,NetSlippage,MaxAbsSlippage,PctIn,PctOut,AvgTime,FinalPctProfit,SlipAdjPctProfit,AvgSize
HeuristicBeliefAgent,92.62857142857143,0.0,0.0,0.0,100.0,0.0,8088.544654242857,0.0005050000000000003,0.0005050000000000003,143.14015685891627
RetailExecutionAgent,27.466666666666665,1.4511259833066965,-1.9,29.666666666666668,89.03333333333333,10.2,2.003507133333333,-0.06771,-0.06864933333333333,1.8938533637292494
