AgentType,TotalOrders,AvgAbsSlippage,NetSlippage,MaxAbsSlippage,PctIn,PctOut,AvgTime,FinalPctProfit,SlipAdjPctProfit,AvgSize
HeuristicBeliefLearningAgent,12.317460317460318,0.0,0.0,0.0,100.0,0.0,0.7117227619047619,0.0013204761904761903,0.0013204761904761903,25310.89620181406
RetailExecutionAgent,29.266666666666666,1.2875194735548727,23.633333333333333,26.733333333333334,97.06666666666666,2.433333333333333,2.0048894666666666,-0.521708,-0.5121773333333333,0.0
